Workbook

Sheet სახელმძღვანელო
B2: ნაბიჯი 1-ტრეკერის დაყენება
B4: 1) გახსენით ფურცელი "პარამეტრები".
B10: 2) მოირგეთ კატეგორიები, პრიორიტეტები და სტატუსები თქვენი ამოცანების შესასრულებლად. ეს პარამეტრები გამოყენებული იქნება თქვენი ამოცანების დასადგენად. - კატეგორიები: შეცვალოს, წაშლა არსებული და შეიყვანეთ ახალი სახელი. - პრიორიტეტი და სტატუსი: არასაჭირო ვარიანტების შეცვლა, წაშლა ან ახალი მნიშვნელობების დამატება.
B25: ნაბიჯი 2-შეავსეთ დავალებები
B27: 1) გახსენი ფურცელი "დავალებები"
B32: 2) შეიყვანეთ თქვენი ყველა დავალება სვეტში "დავალება".
B48: 3) გახადეთ თქვენი ამოცანები კონკრეტული: დააყენეთ ვადა, პრიორიტეტი, სტატუსი და კატეგორია თითოეული დავალებისთვის.
B67: ნაბიჯი 3-ანალიზი და ფილტრი!
B69: 1) გახსენით "მთავარი" ფურცელი.
B75: 2) გამოიყენეთ დიაგრამები იმის გასაანალიზებლად, თუ რა სახის ამოცანებია თქვენს ცხოვრებაში!
B90: 2) გაფილტრეთ ამოცანები პრიორიტეტის, სტატუსისა და კატეგორიის მიხედვით.
B100: მზადაა! ახლა თქვენ გაქვთ ტრეკერის საკუთარი ასლი, რომ იმუშაოთ და მოირგოთ. გამოიყენეთ ტრეკერი ყოველდღე და უყურეთ, თუ როგორ იწვევს მცირე ნაბიჯები დიდ შედეგებს! თუ თქვენ გაქვთ რაიმე შეკითხვები, მოგვწერეთ.

Sheet პარამეტრები
B2: პარამეტრები
B7: კატეგორიები | D7: პრიორიტეტები | G7: სტატუსი
B8: ჯანმრთელობა 💪🏻 | D8: 🔴 მაღალი | G8: ✅ შესრულებული
B9: სამსახური 💼 | D9: 🟡 საშუალო | G9: ✏️ პროგრესშია
B10: ფული ₿ | D10: 🔵 დაბალი | G10: ⚠️ არ დაგიწყია
B11: ოჯახი 👨‍👩‍👧‍👦 | D11: ⚪️ სურვილისამებრ | G11: ❌ გაუქმდა
B12: პირადი განვითარება 📚
B13: საქმეები 🧹
B14: იდეები 💡
B15: დასვენება 🎮
B16: სულიერება 🧘🏻

Sheet მაგალითი
D2: დავალებები
C3: თარიღი | F3: დღეს | G3: სულ დავალებები | I3: ვადაგადაცილება | L3: შეუსრულებელი | N3: შესრულებული
C4: =TODAY() -> 46180 | F4: =COUNTIFS(F10:F79,"="&TODAY(),B10:B79,FALSE,C10:C79,"<>") -> 0 | G4: =COUNTA(C10:C79) -> 13 | I4: =COUNTIFS(F10:F79,"<"&TODAY(),B10:B79,FALSE,C10:C79,"<>") -> 9 | L4: =G4-N4 -> 9 | N4: =COUNTIFS(B10:B79,TRUE,C10:C79,"<>") -> 4
B7: =IFERROR(N4/G4,0) -> 0.30769231 | D7: =IFERROR(__xludf.DUMMYFUNCTION("SPARKLINE(B7, {""charttype"",""bar"";""max"",1;""color1"",""#90EE90""})"),"")
B9: დავალება | F9: ვადა | G9: პრიორიტეტი | H9: სტატუსი | J9: კატეგორია | L9: კომენტარი
B10: TRUE | C10: კვირის განვითარების გეგმის შექმნა | F10: 45989 | G10: 🔴 მაღალი | H10: ⚠️ არ დაგიწყია | J10: სამსახური 💼
B11: TRUE | C11: დაწერეთ სკრიპტები რგოლებისთვის | F11: 45990 | G11: 🔴 მაღალი | H11: ✏️ პროგრესშია | J11: სამსახური 💼
B12: TRUE | C12: გააანალიზეთ მარკეტერის ანგარიში | F12: 45991 | G12: 🟡 საშუალო | H12: ✏️ პროგრესშია | J12: სამსახური 💼
B13: TRUE | C13: დაასრულეთ პროექტი გამო 10/31/2025 | F13: 45961 | G13: 🔵 დაბალი | H13: ⚠️ არ დაგიწყია | J13: ფული ₿
B14: FALSE | C14: დააყენეთ ვებსაიტის ტრაფიკი | F14: 46002 | G14: 🟡 საშუალო | H14: ⚠️ არ დაგიწყია | J14: სამსახური 💼
B15: FALSE | C15: გადაიხადეთ მწვრთნელის ფული | F15: 45975 | G15: 🔵 დაბალი | H15: ⚠️ არ დაგიწყია | J15: სამსახური 💼
B16: FALSE | C16: პირადი ფინანსების ორგანიზება | F16: 45976 | G16: 🔴 მაღალი | H16: ✏️ პროგრესშია | J16: ფული ₿
B17: FALSE | C17: დაწერეთ 10 შინაარსის იდეა | F17: 45976 | G17: 🟡 საშუალო | H17: ✏️ პროგრესშია | J17: იდეები 💡
B18: FALSE | C18: დაასრულეთ კომერციული წინადადება | F18: 45976 | G18: 🔵 დაბალი | H18: ✏️ პროგრესშია | J18: სამსახური 💼
B19: FALSE | C19: გადახედეთ გამოწერებს | F19: 46007 | G19: ⚪️ სურვილისამებრ | H19: ⚠️ არ დაგიწყია | J19: საქმეები 🧹
B20: FALSE | C20: სამუშაო სივრცის ორგანიზება | F20: 46011 | G20: 🟡 საშუალო | H20: ✏️ პროგრესშია | J20: საქმეები 🧹
B21: FALSE | C21: დარეკეთ კანიესთან | F21: 46013 | G21: ⚪️ სურვილისამებრ | H21: ✏️ პროგრესშია | J21: სულიერება 🧘🏻
B22: FALSE | C22: ვარჯიშის განახლება | F22: 46010 | G22: 🔴 მაღალი | H22: ⚠️ არ დაგიწყია | J22: ჯანმრთელობა 💪🏻
B23: FALSE
B24: FALSE
B25: FALSE
B26: FALSE
B27: FALSE
B28: FALSE
B29: FALSE
B30: FALSE
B31: FALSE
B32: FALSE
B33: FALSE
B34: FALSE
... B79: FALSE

Sheet დავალებები
D2: დავალებები
C3: თარიღი | F3: დღეს | G3: სულ დავალებები | I3: ვადაგადაცილება | L3: შეუსრულებელი | N3: შესრულებული
C4: =TODAY() -> 46180 | F4: =COUNTIFS(F10:F79,"="&TODAY(),B10:B79,FALSE,C10:C79,"<>") -> 0 | G4: =COUNTA(C10:C79) -> 0 | I4: =COUNTIFS(F10:F79,"<"&TODAY(),B10:B79,FALSE,C10:C79,"<>") -> 0 | L4: =G4-N4 -> 0 | N4: =COUNTIFS(B10:B79,TRUE,C10:C79,"<>") -> 0
B7: =IFERROR(N4/G4,0) -> 0 | D7: =IFERROR(__xludf.DUMMYFUNCTION("SPARKLINE(B7, {""charttype"",""bar"";""max"",1;""color1"",""#90EE90""})"),"")
B9: დავალება | F9: ვადა | G9: პრიორიტეტი | H9: სტატუსი | J9: კატეგორია | L9: კომენტარი
B10: FALSE
B11: FALSE
B12: FALSE
B13: FALSE
B14: FALSE
B15: FALSE
B16: FALSE
B17: FALSE
B18: FALSE
B19: FALSE
B20: FALSE
B21: FALSE
... B79: FALSE

Sheet მთავარი
C2: მთავარი
B3: თარიღი | E3: სულ დავალებები | G3: ვადაგადაცილება | I3: შეუსრულებელი | L3: შესრულებული | M3: დღეს | AE3: Приоритет | AG3: Статус | AI3: Категории
B4: =TODAY() -> 46180 | E4: =COUNTA('დავალებები'!C10:C79) -> 0 | G4: =COUNTIFS('დავალებები'!F10:F79,"<"&TODAY(),'დავალებები'!B10:B79,FALSE,'დავალებები'!C10:C79,"<>") -> 0 | I4: =E4-L4 -> 0 | L4: =COUNTIFS('დავალებები'!B10:B79,TRUE,'დავალებები'!C10:C79,"<>") -> 0 | M4: =COUNTIF('დავალებები'!F10:F79, "=" & TODAY()) -> 0 | AE4: ='პარამეტრები'!D8 -> 🔴 მაღალი | AF4: =COUNTIFS('დავალებები'!$G$10:$G$79, AE4, 'დავალებები'!$B$10:$B$79, "<>TRUE") -> 0 | AG4: ='პარამეტრები'!G8 -> ✅ შესრულებული | AH4: =COUNTIFS('დავალებები'!$H$10:$H$79, AG4, 'დავალებები'!$B$10:$B$79, "<>TRUE") -> 0 | AI4: ='პარამეტრები'!B8 -> ჯანმრთელობა 💪🏻 | AJ4: =COUNTIFS('დავალებები'!$J$10:$J$79, AI4, 'დავალებები'!$B$10:$B$79, "<>TRUE") -> 0
AE5: ='პარამეტრები'!D9 -> 🟡 საშუალო | AF5: =COUNTIFS('დავალებები'!$G$10:$G$79, AE5, 'დავალებები'!$B$10:$B$79, "<>TRUE") -> 0 | AG5: ='პარამეტრები'!G9 -> ✏️ პროგრესშია | AH5: =COUNTIFS('დავალებები'!$H$10:$H$79, AG5, 'დავალებები'!$B$10:$B$79, "<>TRUE") -> 0 | AI5: ='პარამეტრები'!B9 -> სამსახური 💼 | AJ5: =COUNTIFS('დავალებები'!$J$10:$J$79, AI5, 'დავალებები'!$B$10:$B$79, "<>TRUE") -> 0
AE6: ='პარამეტრები'!D10 -> 🔵 დაბალი | AF6: =COUNTIFS('დავალებები'!$G$10:$G$79, AE6, 'დავალებები'!$B$10:$B$79, "<>TRUE") -> 0 | AG6: ='პარამეტრები'!G10 -> ⚠️ არ დაგიწყია | AH6: =COUNTIFS('დავალებები'!$H$10:$H$79, AG6, 'დავალებები'!$B$10:$B$79, "<>TRUE") -> 0 | AI6: ='პარამეტრები'!B10 -> ფული ₿ | AJ6: =COUNTIFS('დავალებები'!$J$10:$J$79, AI6, 'დავალებები'!$B$10:$B$79, "<>TRUE") -> 0
B7: პრიორიტეტები | G7: სტატუსი | L7: კატეგორია | AE7: ='პარამეტრები'!D11 -> ⚪️ სურვილისამებრ | AF7: =COUNTIFS('დავალებები'!$G$10:$G$79, AE7, 'დავალებები'!$B$10:$B$79, "<>TRUE") -> 0 | AG7: ='პარამეტრები'!G11 -> ❌ გაუქმდა | AH7: =COUNTIFS('დავალებები'!$H$10:$H$79, AG7, 'დავალებები'!$B$10:$B$79, "<>TRUE") -> 0 | AI7: ='პარამეტრები'!B11 -> ოჯახი 👨‍👩‍👧‍👦 | AJ7: =COUNTIFS('დავალებები'!$J$10:$J$79, AI7, 'დავალებები'!$B$10:$B$79, "<>TRUE") -> 0
AE8: ='პარამეტრები'!D12 | AF8: =COUNTIFS('დავალებები'!$G$10:$G$79, AE8, 'დავალებები'!$B$10:$B$79, "<>TRUE") -> 0 | AG8: ='პარამეტრები'!G12 | AH8: =COUNTIFS('დავალებები'!$H$10:$H$79, AG8, 'დავალებები'!$B$10:$B$79, "<>TRUE") -> 0 | AI8: ='პარამეტრები'!B12 -> პირადი განვითარება 📚 | AJ8: =COUNTIFS('დავალებები'!$J$10:$J$79, AI8, 'დავალებები'!$B$10:$B$79, "<>TRUE") -> 0
AE9: ='პარამეტრები'!D13 | AF9: =COUNTIFS('დავალებები'!$G$10:$G$79, AE9, 'დავალებები'!$B$10:$B$79, "<>TRUE") -> 0 | AG9: ='პარამეტრები'!G13 | AH9: =COUNTIFS('დავალებები'!$H$10:$H$79, AG9, 'დავალებები'!$B$10:$B$79, "<>TRUE") -> 0 | AI9: ='პარამეტრები'!B13 -> საქმეები 🧹 | AJ9: =COUNTIFS('დავალებები'!$J$10:$J$79, AI9, 'დავალებები'!$B$10:$B$79, "<>TRUE") -> 0
AE10: ='პარამეტრები'!D14 | AF10: =COUNTIFS('დავალებები'!$G$10:$G$79, AE10, 'დავალებები'!$B$10:$B$79, "<>TRUE") -> 0 | AG10: ='პარამეტრები'!G14 | AH10: =COUNTIFS('დავალებები'!$H$10:$H$79, AG10, 'დავალებები'!$B$10:$B$79, "<>TRUE") -> 0 | AI10: ='პარამეტრები'!B14 -> იდეები 💡 | AJ10: =COUNTIFS('დავალებები'!$J$10:$J$79, AI10, 'დავალებები'!$B$10:$B$79, "<>TRUE") -> 0
AE11: ='პარამეტრები'!D15 | AF11: =COUNTIFS('დავალებები'!$G$10:$G$79, AE11, 'დავალებები'!$B$10:$B$79, "<>TRUE") -> 0 | AG11: ='პარამეტრები'!G15 | AH11: =COUNTIFS('დავალებები'!$H$10:$H$79, AG11, 'დავალებები'!$B$10:$B$79, "<>TRUE") -> 0 | AI11: ='პარამეტრები'!B15 -> დასვენება 🎮 | AJ11: =COUNTIFS('დავალებები'!$J$10:$J$79, AI11, 'დავალებები'!$B$10:$B$79, "<>TRUE") -> 0
AE12: ='პარამეტრები'!D16 | AF12: =COUNTIFS('დავალებები'!$G$10:$G$79, AE12, 'დავალებები'!$B$10:$B$79, "<>TRUE") -> 0 | AG12: ='პარამეტრები'!G16 | AH12: =COUNTIFS('დავალებები'!$H$10:$H$79, AG12, 'დავალებები'!$B$10:$B$79, "<>TRUE") -> 0 | AI12: ='პარამეტრები'!B16 -> სულიერება 🧘🏻 | AJ12: =COUNTIFS('დავალებები'!$J$10:$J$79, AI12, 'დავალებები'!$B$10:$B$79, "<>TRUE") -> 0
B22: ფილტრი პრიორიტეტით | G22: ფილტრი სტატუსით | L22: ფილტრი კატეგორიით
B24: პრიორიტეტი | D24: 🔴 მაღალი | G24: სტატუსი | I24: ✏️ პროგრესშია | L24: კატეგორია | N24: სამსახური 💼
B25: =IFERROR(__xludf.DUMMYFUNCTION("IFERROR(ARRAY_CONSTRAIN(FILTER('დავალებები'!C10:E79, 'დავალებები'!G10:G79 = D24, 'დავალებები'!B10:B79 <> TRUE), 30, 1), """")"),"") | G25: =IFERROR(__xludf.DUMMYFUNCTION("IFERROR(ARRAY_CONSTRAIN(FILTER('დავალებები'!C10:E79,'დავალებები'!H10:H79 = I24, 'დავალებები'!B10:B79 <> TRUE), 30, 1), """")"),"") | L25: =IFERROR(__xludf.DUMMYFUNCTION("IFERROR(ARRAY_CONSTRAIN(FILTER('დავალებები'!C10:E79,'დავალებები'!J10:J79 = N24, 'დავალებები'!B10:B79 <> TRUE), 30, 1), """")"),"")
